hash,label
0003af5afb90ca658be7e5e7dab9d6f9,0
00087eb31594d804129106a67910b6f4,1
000ef26dcc4b03c3b667fa6d85602725,0
001965eaa8eab4e761ac99c31c26d3e7,1
001dde5c2201b11a925efe0a06230712,0
00208f1aa6ebd03ebf70e847b6f690c8,0
002366c66434abcfe3ab63b46c392507,0
002ec0bd37d0bf36f6641ec7a428c49b,1
0036a7c9da3f1f4d5cdaac7ab97ea5b8,0
003adae0cb0a92ae88afb05b689eccb4,0
003e691923293c72dca0b670e9ff9390,0
004073126112d86b7a93c96ea78385fe,1
00427f212cf6572e3597638b1e19e0fd,0
0045d84a8b7c7612db30bdfd8e4bb01c,0
00469a53379e446f6fe764f38b3aca0c,1
004b3f9a69552e4a30e11899a9602db2,0
004d2db226b30000d0d6a5dbbc3ec1fd,0
004d93d68d957fb7995b4a7b202144c2,0
005080b3c7e3ea968a84e36424fa852f,0
00508ba14e614e43c6cf348c71705cd1,1
00530c23378127b34b4fcee2e569c17e,0
0059f548af01ec9182aa07afe42f97aa,0
006021dd34da642eee8fba81e5369d49,1
0060c0789f2d3f95aba1949d97f4ab51,0
0063df406cb9eae383d139f39d7d3fbb,0
006739acb1360c5366e60a7ece03cae0,0
006dca9c85e289405fd4ce5daccea708,1
006e0ebcb1e50a2efeca16bc607846bd,1
006f0f42e75239f907e01299723147e9,0
0070bb9c01b4e11e3cee0d5cf4a7da2a,1
0073cdfcc816651eeeabc936ad125151,1
00756b42e3a0e7661c1b447f017abf35,1
007714f966ec404ce118da3a46d0d9ab,0
00795bcc703c27ae96143401088c9874,1
0079b98cb0686e3e845103bc4d19d920,0
0081249fbf3dbd5881d3ab13c34ee236,0
008588118faf241a8703c9c57512a8e4,0
008d6edef60e9e6460d8b78663995033,1
0094c610563ab72fc41f86aacd548704,1
0099ff463daab975e32247857a8cd61c,0
009a5e441ac7eabec52dd9b951281953,0
00a3a3d1be610bbccb9ee2e0ee6fecb0,1
00a69515e06d8e5f009567032396855d,1
00a79065dd2feacd1a104355c8475539,1
00b2e561ca6ef337d003e731f6222e37,0
00b55c875b33bd2260fd26d115896e11,1
00bb90d261c3c473795c4f89968c57f1,0
00be062cc1311ef9598e5014c7a70550,1
00c04886805c5fecaaa734979b4c21cb,0
00c56635473dd208896b29f6a030d19f,0
00cfe31c06e789c536fd01345063c421,1
00d1ffacb9c062ad3a9a502e5ef40dac,1
00d5013bd4c39d24f5989cbf5c2d6f3b,0
00d8a1940e5b6e425b954889b31e264c,0
00e1b4ec8855e084107c33d750cdf6df,1
00e6037d9b72cf61806c316c3b3cc04c,1
00eb3181d1c574123a9fb3130b0517de,1
00ee306ae2cb5f16ff79c3736cd44e65,0
00ee344177ce1d78fc3385cb4aac3201,1
00f20300b506da05b753d04cd3b21006,0
00fa7993e6f52e1a0735f5422a4350fa,0
00fc38f81d5d9795991438cb262d0416,0
00fecb7bfcc4a0f7a7132119bc457fdc,0
0100dcd60629c843a3e63a3ed3c3b3f4,0
010394a473e77f7d72f63507b383f05c,0
0103a7212ca00ae0d434de5373388928,0
010ae0f5eea490b84472e8ec1c4e5030,1
010bcf5312985e02538a50d6f1af0279,0
010d825ab9b1b5d7e5bbe63f1649c891,1
010d99623d2a768b0ba2d418adfff92e,0
010e3e10edfcadc55059a9daebe25474,0
01116fd3e5ea491aca39176308e62bc4,0
01117917bb60d40cb95f04ecfc0a1244,0
0111a849fac7c3bab70d39a815275358,0
0112f8bf2e1dc8d5ec1d5190c7c35b3c,1
01181077e0cf68f18c38c7ceda84a861,0
01187afbc9f5c88463c020d98ad69ee5,1
0118ec40ff2231ebeee9c02c073d2e89,0
011cd801ec3a74b0a0e2a586a2889332,1
012115c6eb62e342446baf9af0ee6640,1
01235b4414e5193190d87281f98ae5f8,1
0126094af0d41657ade8c51bc0eb52a2,0
012c9b7c9bd2f16c4bf4277ca85cf83e,0
012dc7a9772612267948c79ab8f52c94,0
0133b0d675839f26689b6fa6173be0fc,1
01341338652ef2f8b81da86fb928c8a2,0
0135e435bb0aad0bd8e950f726813fc9,0
013b1a688eba34cf61e195dcfd323f20,0
013d863d784064af8c4a0d4e75f2ea62,0
013dcc852680da4a58d8964474a4c4b6,1
013e358dbe70b19e21154c9b41b427e4,0
013eb27099c9dac3249dc32290ef8580,1
013fe58fde95b085bc2a085966872ce3,1
014025d28c2901a05f3e04b8f76db7f5,0
014ca0eae0fdf83ffb6c21bb44ffbba6,1
014fc7ab3c40ff0022297260970db243,1
0151659dec94f5be2890d88727d073b8,0
01530cd471bc6800fe97895f79099ba9,0
01533dfa317cceac9148261db0e5afb4,1
015377f8258e4d0965b6a35d2150992d,1
01568d0363a76ac549637827727ff337,1
015fd6c18baa0b52fb5f5a66a913412e,0
0163d47b2dc5924632e2cc3506ad6e07,1
0167ab906b6f0d56a94d157f5c10c2de,1
016818094dab91c4a47e7c8834e99ea7,0
016949a83656598f91c1d8b8c58b9fd3,0
0169fbb23e2f3548641bb58dfffbfcb2,1
0171ff872626a0ad9cb94c2c40fce5cc,0
0173d2d4577128b3d1fcd1525a05b56b,0
0179689b4e74f488a3c1c6a1dd06c027,0
0179f8c9367849136962aef82eae2a4c,0
017bbcfe11016f038127628a6bd5a0c8,0
017c5a91051004513aa4bd5fa4418c18,0
017f632884d747ac3a5f064e2666aa7b,0
0180ac6fbdeb4c37512b9910bb79564c,0
018259b8feff1da6ced12c3bd2cf62d0,0
0187c1001b0963f409027ed4463908ab,0
018d2ca855e0d471fc605c39e4612605,1
019f94493f60d6cb145b4ce0af61a04c,0
01a0c23259c7322141be692c6f497b17,0
01a2fd978c70340c68062339c9e4e67e,0
01a462a8b743002d4323b7ffa0490ca6,0
01a704abfda6eee9067a72a50141573d,0
01abc7c1ec9c8d48c2de34b583d9c799,0
01b053f8c50ad83e6595702fa5d7291c,1
01b1b4d51d5e5ca9fcfb3892e6440e88,0
01b210320422d9bf04f2bba90a1726d6,1
01b5d84335a7ffd0fcb49befc60ba9ff,0
01b8f50b28618f77ab9c48bae08b9228,0
01b995a93a469f1b37ffc5c24c5f3ce3,0
01c0a6a4a63401bb953ef639af7110d7,0
01c26f4b0d4c6e79bfa457bc41145ef6,0
01c4667b650b6534d36704bc5289ae3d,1
01cd52695ed37063a53059decf139ba2,0
01ce4aaaa089c884e6633fdfa35f4a12,1
01d26154cd8a6b9ed8b0f0139c7d6296,0
01d339047d8e109432a6f851128797df,1
01d3860a9a1f3501c2907fb38ee15a76,1
01d598df31942dba6db9bc3254d8ae7a,1
01d61d7b1ad969a101aa9428be70b2d6,0
01df6f04a58324572c53ed8cb5056962,0
01e57472328172bc5eeff301fb764eb2,0
01e6ab8539f42558d332a1ba07f8cf69,1
01e9720b02c8e2565749cef9ccbce1f6,0
01e989e1c7717449123c273bc3090f39,0
01f54b8148912e81471f878482d5fd24,1
01faabac4f81c3b3de4d2180cb3cf003,0
02019338931889e5009ee494b22f997e,1
02036a7607167ccef1fb576eb4467c35,0
0205dd07261bd40cf93aaf172d1ac5ff,0
0207be3b4adbcde8798dbeb6cb450063,0
02110454d60fa4f9f50b88babf369276,0
021201587ea0cc126266f8ec100cff54,0
0218dbf1037298f89d965508968e073e,0
021b2a431a4a9eac8391caae91e8a95d,1
021d969291dcf19aea568e6e34803425,1
021ffeb5094f5058ca27a2494973b1a3,1
02211d2efe8e4901c2cdb1e6f5c123e7,0
0223757bdefcf4b49df3c0bab9902e29,0
0226fa0eb211818ab008758f421e4162,0
022adbf67ad14229719652d938ed1ab8,0
022c9006fd15c8b2b428bc72b3fdc4f3,1
022e2c17f2e846fed51283d1bb6d52fa,0
022f5cda498ea1feb7af640fb3331703,1
02324ad6d1ffa4f99bbc0263f8e44c5e,0
0232c45c6aefc893ff26545736180a69,0
0233f8f51f91ed35585f0fe0e254de4c,0
023847e163c11c1fc55e678c50dab8fa,1
023ba631fbbb8e83ea5708c0111878bd,1
023efa51de04f3d039afc37dd190cf31,1
023f30159ad0a68c54e77c28ee4f14ae,1
0242f2deb23374392311e17c96903024,0
02492e46f21d2aef1c9fafcfb325438e,0
024f8641d22a46068977d8f994bf7f47,0
0251723ee5ab557809f6290f47836d9d,1
0252b2d71228e299546c3dc34af53649,0
025698e745fd9bb0e5671831353814a7,0
0256eb05f893d4fd050a3fa3e4b52304,0
0258c607344e132f0d305f04695389a5,1
0266d4e34bfc0e32b3ff5bf954b86a8f,1
0268c8d37b070c1618bbc720f83d5723,0
026bdcd409b4717b1247abdf26cb4742,1
026d211207833678d6b9a591b0341cda,1
027285639eb566604093237a1d742bfd,0
027372b50db108ee87228f794edd915b,1
0283421bd93de149f206754a89238261,0
02884c991cdac63c3561c064c50b7ff1,1
0290c017951a37bd3d815942e3bc521d,0
02996eef64a032f31b7df7b504cb7cc6,0
029c2566aaffdddeee1b48daaeca75be,1
02a00ff898c76e82e9e1578ed54dcc71,1
02a1962c1a541cf31362d48378ebb10e,0
02a7052834594f7ef033120be6b10e3f,1
02bd26259ac0b3341e81d7b60107f5b6,1
02ce08839428d9a37b80d5b9de4d1c1f,0
02d52753332cf9e79bb17a4bfefcd9c4,0
02d7d5a666104867ca47aef2f7d55228,0
02d9e388f82b924214f0240eb9ab56ac,0
02db1c7b1c580c2e49be12198fdc79f3,1
02df09a2ffd9b19f4c12eca690fa08d0,0
02e006da19787b414d1ff3df8f60fdb6,0
02e0689d417dd8d364daf5f262ca04d5,0
02e1134f68860c487604aedb9ce3d89e,0
02e7b48b96b262e915d1d27577f5cd8b,0
02ef14a42d68a24f7807d36d3d6516ee,0
02f63cd5bd71adcfc390eb793524d45c,0
02f9d510db8b5a276aff53bbf90ab3bc,1
0305fc543c6f8ddd04cd2709c16581cf,0
0307b58e43e74f1d74c6f43be7e458e7,0
030972bb57f4254ca4be76f9cafd1a14,0
030a0ae6ea6067d19be47d5d7d3240dd,0
030aa7483d00cdf7fbc8285cf96a7c9e,0
030d68d395daa93a0380b65268e7f50c,0
030d798049f478c5c5b756a06224157e,0
0313fdce52f2c4fee644e9d649fbf497,1
031450ef672fbb1671e7d75076d709ef,0
031cd411386bf5d782bd6525cd6e9a3f,0
031d9f9f533f7502956ffb776f550312,1
031f5bab9d0527300cc9f32baa134d73,1
03220ee3e4ea642484ec889f9293cc6a,1
0322ed0304dc2c2cf4eb6beac9f1d573,0
032370c5cb9afd40c9e52bdaedcf5054,1
03269994e7dc10da324f2265e3c204d1,1
0327bde8f5b85f4b8d0d574bee8f7aca,1
0327f98b7e3eedc3ffaac144c30eedd5,0
032851e7efdb5aada3649d33ee6c3493,0
033195aa014379af24db07bea5e949e9,0
0349e677896547acda784bdc6fcb6d3f,1
034d2e90f407d2c88ca4a1889aa9905d,1
034e0cf40c3b3c2b2e37707428984845,0
03572f1279efa0c488f3b32653dd6967,0
035a14d83dc0dc4623ed4166074a1a23,1
035b67fa3bb0cb05b55b76d8926041a0,0
0363b5c6d14da9ef30dc642674650ec9,1
0366312896332c1d35eb0fd9241bdd46,0
0367b08d1b72bd3d0fdca7de187b9dc6,0
0371acf7bb489a09ade430954b2b8511,1
0376eaff1575e486f984209780cd4fc7,0
037d14309db789c55105f732ab4521f6,1
037ee8662ad9b8f0025aa0ea469132a1,1
03827d9da3ebcc5f44bb72672dc91501,0
0385f7c8535cb6c28939f1b431f9b8d3,0
03902d3bb772ba0daf042342f9e844ea,1
03903dd6bc470a44ed1cb27e4e965854,1
03912a91e16275cb07ea4f87ec538e37,0
03934a6d8ec3b14eabb911958b9ff46c,0
039be9eefb9ecb63bda4de59989b2599,0
03a33babc1193d39efa9c03da7f007aa,0
03a42a27a6a9a5d277f0cadb5674e11f,0
03a7ea4647bc87415d59116ea668d2ac,1
03bd32339c434d60df78f2d3af19525c,1
03bec39f80b1f3ebd091b30dcff0e298,1
03c0cf5307964659a7b10138228b6797,0
03c1d62f0aac5565670c2779f0b7a8e2,1
03ce34efb646249202912741c89bf9fc,1
03cf0cb99fa30d8715f7a0cf4d44a3f4,1
03cff10162937c4c67c99aa6b81f9912,1
03d33090521a8dd4ebdaafa6f8724d73,0
03deea29161f5aac922c7b5490206365,1
03e3be56e6903110baa3b6088bea83eb,0
03e5a828b975956a6ee68911868a6298,0
03e61fcebff9fbc37093ddee4b524d7f,1
03eb9de184dda25ef55a3ffb19f8126f,1
03ec62c3c87ac02f0881a31ed91de860,0
03edf8ae92fb4e8fe8fde222083481e1,1
03eeb029df201800e15b8dca9d9ee109,0
03f0c5d0248945896729809842da671b,0
03f7a1c80438bceddf91732847d3d174,0
03ffea64e22801e8e3a6ae6099096cb0,0
040026c9c18e8dc7ffc73f3790dbdf3b,0
0400deb0385271fe8dfa6f3e04634e35,0
0406a7aa7537e4769b280392fb4d8e75,0
04302ff8cfdaa26d6532881fd9a2f02c,0
0431602bd2cadad458cf3ddb0de8cdcb,1
043a51e10686ba6518f13a31137ba7c4,1
043b07797daf838f211bcf3ce1b245ca,0
0440c0fffd822d89384ac7de28fab22f,0
04412293ebd45fd87a9ecbd537b9341c,0
04416b64505de678d59277b73e5204bd,1
0446070449da4f5d306eed78ac6e6631,0
044a72df27ca273f3d21ce172cab680a,1
045148f544bd2afbf8cf664e27741be6,0
0458ee247a0eb4cef24181425256080e,1
045cdd76e5fb77020cd5a2b545b9fa33,0
045f92516cb8293aac38b727d20acae9,1
0460b17259549e1dcb3add7a4cc82305,0
046725694a9803cf2ee3f27f8038f37b,1
0468e03ea16eb18cb7fc81dc852434e4,1
046bf15b718472171511da41f303acff,0
046d1bb631947b3cffde8d754257f17a,0
046d98bf42bea2931277c9774ecad18b,0
047276c84cb5571f29f9fd0889cf2cd2,1
0476c9097886e519ae8229720b637985,0
047c1aa32c52768511d6e73e69b32442,1
047e87f542cb18361ac410de9abc0fbf,0
047f40998f71f8e4a2a26a686b89fd55,0
04817b2151bda35f068833fc716a9d5a,0
048ba9c56e430b58f984a4e40a4745e5,1
04958d373d62e4ce33b570c2bb3a7e50,0
04980596d66951166fa2ebfd96c84d22,1
049b4a71aa0e28b29e19627f8742deb9,1
04a187f2144d4bc50e67fe1eb767fb5d,0
04a250aa228e8bae2a0c9a7085f37288,0
04a32a7a40115d6f036e10abffc2f458,0
04a4c6afce528b5acc1ba2bb7b447b61,0
04a536ac67984d5c486f81db91922587,0
04a6c32a6f19a514c37ae04bb87cd6c7,0
04ae1c325ec51afcc468a4733236f0c6,0
04b1913b643867c3e71cf0401073e645,0
04b29710e24a921f4a7ad4d4db58ee75,0
04b51ac5581fed563d060bbd19de5f1b,1
04b8c67e14cb74d205c34263d2ccfd56,1
04c3ba5d614e715d779945b85a070ce4,1
04c52c7b6307f2bea9cd567f049f0ea1,0
04c85b9ac32357e75c54db78778c2214,0
04cb9e2c74db153edd3bff107b67f91c,1
04d211625088ef6fd911ab9ab697c1f4,1
04d499c1f579e0890692cec1f67d6fdb,0
04d91cdca738b83bf771c34465b128fc,1
04d967bded300e7d1294bf2d550d0c17,0
04d9ec1502f270a156ca7d98794778dc,0
04db140e90f37db96a96787120fb6293,1
04dd643f9b3a510c137dbff54537b344,0
04ddf347c34e2e4946b5ff3001709451,0
04df888a01d30e44c4428d42bd4ecb41,0
04f16c6e7e2eb27b571fc6301185cd96,1
04f5a99e4a579dd7d8277758840b7ef2,0
05001e821840812c863a826c60ab95a5,1
0502fa6e5d493b5e30707cf090c9509a,0
050463bb51c4d4b4b59e7ab38ecc9cdf,0
050abdbaa3e1a9ea4e79b66131ae1689,0
050d6395e9d0dd0655a01668662062fa,1
050f45b3f1d929c5abcebbee8931ea0a,1
050fa57336522a77e4214f8b49901c60,1
0516de5a7f9c8521758dc117538a13a7,0
0519c790d2de1133ea76258e6356355e,1
051e670f7cdf21eb23c812b41c921f1b,0
05251c7dea284d772e41869df7b35564,0
053139495d3994c9b391d58cd0058e61,0
0532d4fdfba54b2347e5ea8bb6c7a6c8,1
054cd2a41706267d2adfe0eddf8a85f8,0
055845dfd194aecf80673073cdc98964,1
055988769d4e7cdcb74ee5d6f8056d4c,0
0559fe317a50340ca83acd6a7126fda2,0
055d0ad8eb52fc412b08448f24f9a0cc,0
055d2353aeea454f57cbe43f9d90b118,0
055dd004aebde00780088e96b8d2f0fc,0
055eafcb383d40856fc00a5e3d4cc0b1,0
0563e0fe1b19809851d96ea4e2b31667,0
05651b44fe0369305c74e0c1e0bc3891,0
05657a9cb7ba71567f9dc71d4425e3cd,1
05756aa5eb8a589cf8fefb6cf9f60618,0
0578af302de6d3379416fc126d813df5,0
057d1f46b99ce62620afb1bba2ed4969,1
05873c8329d04f1259a82f9aab7a3cba,1
0588ea8e773a59f7496b926060c57f8a,0
058ece52940668787b6c1af24e912577,0
058f487dbca98709ddcd942e396a7869,0
05915b1f2272a15a1326664567c00863,0
0591e93fc7efc628a47e222f38bc37d2,0
05934de6d1ebb2d3cea9abbc6e55acb0,0
0596049d17025937bfbcdaab05a7a621,1
05a1e0ecebaa57a49a0aa8e8129081fc,0
05a5d878c779ee120a80dff4ac20e9e6,0
05a88f1eae9445e7c90ad988ad5f07e4,0
05a8acea2cfa428bab0ac6561dc24b6d,0
05ad196fe8752f61e3dfd023b5b9930c,0
05ae665541e804c70d4d2fb70cae82cb,0
05b1092b3d7ff80a88d52e2332628d13,0
05b1dd9919672418677eb18ae81f4764,0
05b2a63cd847def644571a5a6c199819,0
05b37dab863ab7d7d9bd5cd3533800a9,1
05b40e146d4fd987261a2f61c7e9f4c1,0
05b6505013c82b98d6da1275c1c44e37,0
05b77b66b1e0ce68c28657da477df055,0
05b880985d695a1915090475adf6b472,1
05c641394f39b223d978a4e65290463e,0
05ce05d0b080eaf59eda64e1384d0945,0
05cfb4d5c8ca3bb0e99f90789dfcf71c,0
05d0ff85e4bc02aed7f0d3472b0e46bc,1
05d1289df2d3274968904e7a17c28075,0
05db0b0c369f907641fc43fd4543b38f,1
05df919663b7b0656bde1443905ed1db,0
05e7ac9f22fb13c6b115a6cbe0c4c089,0
05f140a8c7a2dfba0783aaeff7c89db4,1
0601e42ba3bb7326be92f6434802ad33,0
0602fc1b2e8f73b64907b3bfd0d4bdc9,1
060acc0460c2e6648a1d5945b4a8a46c,1
061213ec74247077c30f3c2b1f2a2edc,0
0616e3adfdc40b42d529873302e6975e,0
0619b9a3379ea016dce780aa14dddcac,0
0619cfb4a9e738ab8cc54085957772e5,1
061b70776b4c30e7e73285f602d0d855,0
061d3d402dfe5dd6b0e349e0a4e81fa2,0
06208b85292860d61de953740d279525,0
0623126afcc5cb487789dae1f3817ad5,0
062965119e4ca77c242550c3cb61fa95,0
06308739bb51ce71f532c7095d099f76,0
0631d2f60188788df21a5d26ed4d327e,0
0631f073700989b50ea9c7b323d47dd4,1
063790a78905f9a05875d570f7bce134,0
063b1955a7d573f98a56d0dc49c45ac6,1
0642f4a9e7643fcefb09eb5073b283fd,0
064a4737667f8304ca3a9c7eb326c8ab,0
064d4f941291fb9ac583be6a57d506e2,0
06511c07f443034ac0b0b4e4f2082f81,0
0654aed3df8239ec89b93d395cb8472e,0
0657ba1642135146907e2e031e2ba6c6,1
06620e515f16479507f8317f588b6866,0
06647f5bd3095a6fb53bd86b82d1da96,1
066ca3ff74344ce37649a524294c6bcb,0
066e4536eed84532b2ec62ae437c9cb2,1
0670b0b6edb621a2327ea9c6fed0fab9,0
067676e8349571c6cebf5306ff98a832,0
06797f9c5767f82e48917b558eb439d8,1
067afc987ab0d8f5b72edd1f6360c35b,1
067f1ceb9db39e3675aa496d6f24d27c,1
068185ad5c65ae230148bd8a21a39b89,1
068463e02ef1f67eb324e52058eb2bf3,0
06921fd2c7ad34e76f3c6eed69fbd03c,0
06956b74ccf2398a0feb3967e205d96f,1
0695a3d335cc9cbb6c69f0b80faa94b6,0
069889ab96d23c688e03725bd1f22882,0
0698cd7621ed4238422411dd3024e498,0
06993adcb7a0c7d2bd49ecb0a0fc5360,1
06a563c4879b02aa833b111fd838c39b,0
06a6e6cbb43ff9e121bcf5895b399f33,1
06aa63049b2da2e202f0e1dee88e34d1,0
06b31070ec52a09c711df014dbb54ce8,0
06b3ee64d4cf96027c0de7470c25c0bc,0
06bfe7629dc010a70e6834349553bcde,1
06c34d300bcc1593563892596d5fa458,0
06c42bf166971a8c387fb30065f306f1,0
06c5d3d3cbf9087aa379f0fac2d891ca,1
06c7ae3746bb95880fb8ec67c58c2b64,0
06c887b7afcc7a3b4b431370203b8162,0
06ca01e0afd3d1da4dfd8d0bbd0dab5e,0
06cddcb4e508f93d20ef3ade8bede58f,0
06ce5dea38b6cbea609075cbf075a023,0
06ceb2eb8e5a367b77ba6c9e8328e0e7,0
06d40fcd75d8598f87cfa89f1155ed80,0
06d489a652e1e96aa3554419a951bfbb,0
06ddb1f4fbf74a9262338ca1e5d195e3,1
06e19fec8ae6b37bb92e3c6896fed80d,1
06e1be78df6240b5f0181b33844c3924,0
06e4355637433960af8850ba021cfc64,0
06ec3cbd24b425853ed0af2a3c1d21f0,0
06edee2f59f8ccec08ac41008fe96e14,1
06ee00a516798218ac85f5093b6c3de3,0
06fb46effdd7cd2120d50142e8e5a512,0
0705723c51edafd564857fc4e5523784,0
0708f49624e5f4ecbfa72e7405b8b817,0
0709f10d373bdf3c3ddc3279c8e16c41,1
070a5807e47bc7ffa91f22a1ab45a3ad,0
070aa6626ee3ebb873e769430a70c267,0
070dad72ae7bfcc8f7379f00aaa6f86e,0
070e09d4a34c425c904e44cabfff4eac,0
070f4842277bc3c1136f6cd5b9de5469,0
070fb1bfb712c264018ed5c4ef4cef91,0
071076ca890d3ca9a3f0b5ba7c83636c,1
071152fdded3dca1446020d608c9a096,0
071a56231a23291212c9e246867b0219,1
071dcab2a3133759554eef85be5d68d8,0
0721a92baa54461d3ca5ac9b8fc8d5d8,0
0721d9145c7241252100f3090f36f91f,0
072713b0eac6fba2759966f9b870cf97,0
072ebb90b0356bc6bfe0ce80a4431824,1
073b2a971b984d804408f8fe7ee40292,1
073ef67f0694d1d0ea95cb57ad470ebd,0
07400ab86cc36d5e4fd275d1efd0d175,0
0743572830e85e387a3472c256bc6fbf,1
0744d35addc70d26f488849dbf873c35,0
074f2f216357098eef762ac2892b07b1,0
0750be41de58396273ef258731b5d596,0
0750d61b4dc64b466397b869c52dc1e9,1
07524722c64f19164cfd03c120bb44b0,1
0753e82d162d9e20f96ab51eae4cd20c,1
075a35fdc4508362138fa75e05c13315,1
075df0fc3572c7d0372e510dc1417d4e,0
075dfde3c19a92959ce578cceb723282,1
07636f85898d3f5cd4f07e3e76edf7f7,1
076a27912f996eb35185356efae45100,0
07700d0573a286d8544d554a26afd775,1
0774523489df0a877dc840b9e11cefd0,0
07764914966a08272233b74ec02b14c1,1
077cab820440bd5e783daa0323c90bb6,0
0781e5edfa60608e787045c5a24f4920,1
0785745c92a982fd957c8d7c7f0db12d,0
0787d89f9d5f0f2224d843c06457b1b0,0
078d8415eabb519da379e749f63a5948,0
078dc605c5eb5df44d1105f51060ea9f,1
079547c9b19a8048cb71b7535acb16a8,1
079cbab23918fc9060119062831b764a,0
07a2068a82a0bf857d76476a714722fb,0
07a58570c1363b6d99e4c900b2e916db,0
07b56b8ca2b8dc82e222d0252a3e84b1,0
07bb231a41d8574102a33dcdd39f8266,1
07bca14a3acd9c34d25a733c9248d211,0
07c09e2991f771aaf89384a5a6d953a2,0
07ca57fc0123245603d3f4b94a17621e,0
07cd03c458035787bf50189fb38f43a8,1
07d0c5578bdf4cfbda4b719d8bf82173,0
07d131b55efb1c08c9d554051b7954e9,1
07d13d27c6c5892d92d831dee1ead823,0
07d184eb8a1794ee22aa1e5d587efb0f,0
07d3bfa7595ae03b6006aa035ceddbf7,0
07d7c9dbccc7e75d27dfe4435214469d,1
07db062a230818580d655f17e0da1e31,0
07e7e923473ece1edb76d5f186420d43,1
07f06118cdef1d1fe22e46aabcc750e6,0
07f22105c56a2f6ac879baff999108b5,0
07f281552aa5238684113de3b50d45df,1
07f455e7882f2011bc0e71ddf03187cb,0
07f60b9c26e4902fc5093ac6ee6f093d,1
07f8033cc5fa6b4965c7582fce944261,0
07faf9a3ef48979ef315702cccdb47f9,1
080109683786638c6c1264cc62c37708,1
0809815600ca8a07a244f7e3f571f76e,0
080ca3722e9c64bf7920c9d0f0a53e1f,0
08134b9ce8fa7497944b1c8216964ab7,0
0815f2dc3813b6324fa69b9a55a725bc,1
08167deda8cea0b8a7c220127cd38499,1
081c323a1c39dc1d9f0cd55e972971ba,1
081e70ace7a5135d5c81874fe51be8e9,1
082407d72cfdab509c86152e4fcf5986,0
0824c5537331ee472eb9e303c51923c1,0
082748e08d8eaabf569e6c9110f7a334,0
0827bceddf5a350e268e13409a3f8ff8,0
0835d4363cde3f8de3f94d77dde6bf13,0
0836861644a3d937a880582c32611ad6,1
0836965eea743591fe9923ce16a55d5b,0
083e7a86de815d70f7cf610e753164dc,1
084491c08e3893ae9d8fac6bba02f920,1
084710fe343bc5c234a540c8488f63d2,1
084772cb6836e3b352b3b18d79f8bde4,0
084b8b992a9012eff2230f3f58139e4f,0
084f5c4c79e2681da960d1fc39fc21a4,0
0851b0dfbc92f00f8743dc693d06a06b,0
08570db546052079ecfbd633e0370474,1
085e94e7327000220795d6af100daa66,0
0865d1520fc11ca7990b3237b412b066,1
0868cc3638e65b6c0fa54d3ae6825660,0
087ae7fc0a7de63cab3bb10eef3c3400,0
087f493a5da8f1fb7420c8e46758dc92,0
0880812a0d456f44474c25d50721b090,0
0881b9d3f892aa6ef9a76f31048e2563,1
08835233dcdb212740c9187834b36b9f,1
0885a250b1fa6182fdbf47e42246cb00,0
0885dc23e2ddbd1b3dc7b47fbfc19cbc,0
089575fca1f3a5f8c509762cf6e245fd,1
089701870630b22e62209211926d95cf,0
08990d8da99a6cc623825a369a5e63b3,1
089d7e92df5d9710ca4f3bc637627329,0
08a153ea4aa6f22aff4ac6b7ce43ce2a,0
08aa3f7167a4af6f0a0c34cab538889a,1
08aa443b49ca05ad38d6d492edd8aa88,0
08ab7d7c662accaa79b9aee2f35acb91,1
08ab9bb8c2254802f48c6019bb2cbb11,0
08afdf0490149296a1dc9cde7d9cca3b,0
08b55e148eb6a0299d5c42654d5166e2,0
08b6c1cda483ef3cdcd2580b790c7c99,1
08bd9acafb073ec6ac46997d0d5e1200,1
08bfa80e1f477cf02589c1f13a520172,0
08c11affe423e4853414160ecc5fcb6c,0
08c3bf65a91626730493bf79bf55be65,0
08c3fb90d181c93b199a91335eb3ab85,0
08c41d572a1ee136eb5903d107af9fe3,0
08c624f7097255b3bbb26971e1370057,0
08c8d7aedaae07e9c04554e342a8401a,1
08d2d28588fee645a42213be82a1ae6e,0
08d46cb98aab81b2a71cf2b8026c022d,0
08d9802fd5cb3ad79b159aabb0de9888,0
08e2fee06e227451ef2eb228fabba828,1
08e6423064367375bd69cd917edee2b0,1
08e8069299c7bd74957af1210537f1ef,0
08f0c50f2f5817cc481485db08d7031d,1
08f4153d27d00a1522ffc31d08659a13,0
08fb38b9c9d08db28ef416a61f23a5f0,0
08fd6d3e0e903597fcdf970a9f59e41f,0
0900e1698852397de7212ec79d11e173,1
0904a7dbdfd19397e12b3e6a0ce5ca77,0
0904f932987b7f4141394a6754a3ff4b,1
090a55a465bc5229ec964efecc6d3cad,1
090b2b3ecb1c3443183d76f310691987,0
090d84136cf31e3da02fcc166bf1ee83,1
090f12468d8af5c2db55887d06c4de0f,0
091a8a7f78e45c6a5972660372e54901,1
091e8a1b98dca031948f358457bd72ea,0
092007b0f3ae8741643edbd6593e0614,1
092386189114bc375f6109eb8307cec0,0
0923a948664687184bc31be0e3678741,0
092482069b0ddb2d83a73282f97f7955,1
0924a6619882f0bd822b558a7b2d7caa,1
09257247aefa5685edb1198d677c8fc6,0
092e2ac7faea827f278c3b6f9e17cbb0,1
0930d6147f7eb732329aecadd87f9567,1
09381162e4fee9724568c221ad96e965,1
093811f2d5147b88c14cd29f4542d86d,0
093cbd261c3181c32c4bc0ba49cc5f89,1
093fa1f45b15b1860a1a541632bed815,1
0942bca6c54403de67fb6f949216ecca,0
094572fd577a826a5a1639a8e3a58971,1
09482b05a329b457a043113de1e40d8f,1
094edce16469dbb7588b132b4dc693e4,0
095118205d5cfe8632648e21e69f8b77,0
0953c385d6fa0791900baf951b07b336,0
095461ee62a9b5c4fa0916122ec69a6b,0
095a7c977f7daf823ae4418b332d8f77,0
095f46b2005c5304d499bc0a17c9b7ef,1
0965f61a2072df7381de18a57c1b5170,0
09663e880c10d62bcf66ed3a39901604,0
09742081940486be45a25ea4b9957fbe,1
09771c08967e68ccea7481868deb4389,0
097d1d3b5e5087b195623e52a460b44e,0
097da37c0bc88de9d43483912f4c8fe7,0
098aac95d25d0a2f2c555706495856aa,0
0996de5960fc40dc1215e797c43f899c,0
0998f30bd4ffaa23c3e80f8e54cf8431,1
099a811c2ad7fcfb746009c561f57377,1
099fb2412aa93c5ab2fb10cb7e62b267,0
099fbdde70429be7f0b2dfbf8e8fa9b4,0
09a2d1601d1f739927d2b642dd8a2e67,1
09a379b99ce4230746820e23e345eb8e,0
09a73191cb32bd97de2f4da44e78342c,1
09aca84ef096ae7410f34f19c47ef339,1
09aeabe9fe90acac827d6e16e8113bab,1
09b12484cf63074c959822e5ae1d6dff,0
09b73b5e8ef2fd95dd5ed4421b780638,0
09bd515a87d8d8085f0ee94fb298ca34,0
09bdf2cb1823cda78e4c54ac71ed3a6d,0
09bf15384202a74d1df984892ef18a47,0
09c8eca3914f0454f9b40ac453f17ee4,0
09cb30ca72967e6aa37909ade27a0a30,0
09d392ad7535b8dbec9d23d9b631aa4e,0
09d3f60ebc275a252041796979af5816,0
09d85d7a3abb5b2dca637c95b339530d,0
09d94704024bd11c3e7f492998aad8eb,0
09da150af81eb7e28e631dcf26634865,0
09dba7752aee8c3f4e18d6991587f101,1
09dd387aaaca05af21c6fb7f97623853,0
09ddacc4bdb6b31358e250bdcddc2db2,0
09defb6a0d7ebab88cf36f7b53405fd0,0
09e269e999d5ef5c984692178d2c7405,0
09e571be3195c8f8819dcb8a41104923,1
09e6ca83a61ec29dd2f9a98f75e4521b,0
09ef1317fa4ef4c6ea7b4eb2a549a508,1
09f2d22f9f203b92320c50c7c1d4864a,0
09f3b84062af2d5fb5969b9e75210ebb,1
09f4888641d1ac15d3699e47ca4e1398,1
0a05f9579caf834ee9651135feef0143,0
0a073d4b52ea1a3e2c195b5d65945e8e,0
0a08771aac1bc5b6fa0b61f63e3f28eb,1
0a0ac53c9fb0f8b8f963056d442a57e2,0
0a0b219b88d82cc04578ecfbc034a01c,0
0a0ca854ffbfaf579dff8a218ddf3dbb,1
0a0e2793271e642c78fad7b8c3febdbc,0
0a0f41da464e7e3bb7d78ff333f35198,0
0a11d04e2f5e217b199f7e41a8995bc5,0
0a11d9097c026bea6e41be2e8f713f42,0
0a1a9ffa0d803c3663cc06528df5012b,1
0a1c322b05e02504f83ff7030d985d95,0
0a1d47607930ef3e105b1e5c1d1df0d0,0
0a200368cb081089ef3aec17fde13100,0
0a2abb1cb5f100aa5a1c0375119ff9e8,1
0a32c360c56b3676bb86f97111945c36,1
0a3f7e5eb113f768dbcba51d00495e3b,1
0a433af5e8c9615fdc2c5ea3072b745a,1
0a437fb1e3676922ae25f6be9222cb1b,0
0a4625b0c11d714e51dc3a75a56ec7b9,1
0a462912c81f53f2bb00b2cf6444cd2e,0
0a49f2ffd630b74cdc5592faf92dde49,0
0a4cdb3cd8b0bee9250c5dd8b07977ea,0
0a52273abeec148d0e30d344b04f36b9,1
0a528c853523e4d266b0d774573d1958,0
0a5394b7ccc76f3e08a8da76a649a277,0
0a566ad302e49b6805bdf4f3382ed8eb,1
0a57e09a88e26c2a7f4673d440c85208,0
0a57e226953136ecc4588d77cf175f7e,1
0a57f3243f06a6779e2cb7192336242e,1
0a58f5e06b8b4006f76b24ff2bc4c9ff,0
0a5aaac9bad7035090336e6529ce0adb,0
0a5ca5567a0680907d675ad06764066c,0
0a5fa39d662912e3ccc43c4b04e45536,0
0a62340c400a541cff772fb9efabb39b,1
0a63d6c01f5042634255187c17c05fb9,0
0a64aeba3831090941ec8bdc233b8f5f,0
0a64c83111f9583e520b98b847d21868,0
0a65b1d7afded5b57b21712917e0179a,0
0a66801916aa3010cd39b5a148351102,1
0a6cd5afb33a5d5480e7df319cc08d11,0
0a6d6e27ce65c42287c30508f016de66,1
0a7482c5276a4081c0064df0b024ea78,0
0a7d671167d23fb4fd8fb852ccf7f037,0
0a827cdff4f6d5f30f7e6d1a1796f602,0
0a83dd8fe03100cb40e23f75a3ac83ba,1
0a855d4a1010739fb780d3f59af1bf9b,0
0a876f989c1ef0d1ab5316acabaaeb4b,1
0a8773a5cb3009a0d2ddfb350c4c20e5,0
0a897f4f8fdbb32d91510ba8aa2468b4,1
0a89a66026e8790243de3f2c727ce638,0
0a8dcb2cf81d6ac5c87f8ee93ad583fb,0
0a90979cf8ae6839e67cd55cf30a703d,0
0a93184ca0301a2ead27948197332d72,1
0a9498ab5f72ce77602471654d2bcb11,0
0a949bd6d3954a5c3cfb66b9137151d4,1
0a97c81b690054204a89053f18118e35,1
0a992494af9b5fac6921a8ae90e7cfd7,1
0a9fa4ddf530565d434969eb9d6a5a4e,0
0aa5b8e7bf5bb6363276b4a6e5270f35,0
0ab0d6bee7030f5a73ce9b9460c3f6de,1
0ab4acd64825a2b5740731197d9830c0,1
0ab87bc5fae1e27c9ccb814572ae9028,0
0ab9a888d5864a13bd13830840d340a0,0
0abb79ca9130999d4a9883249a61ed5c,0
0abf87ca70932dbb9579ad719c85ade1,0
0ad357e7166e55b2610b7c74c502c088,0
0ad8635f4400f8b2cc26bf8f7054cc7f,1
0ae0dc9a494273dbc235e7c2c108b4a1,0
0ae3da3acf7404dcbf0d0f3bf180241a,1
0aeb57e249b1d8c7d99eba4f4848ff99,0
0aed00aeadf76ca8701626790f2788c9,0
0af123f2db5fb928e59d8cb895b87a5b,0
0af462b59f68c9b1ec642571632ddfe3,0
0af6ddc71e82780375eb523a06392321,1
0afd57b0fa675ad2a78d689818435c0e,1
0b00a1f1657761cf26ee6f83ced1cadb,1
0b00a8b84cc782f8c473d5c41e2521c8,0
0b02afd829be4ccd4acc54332d0617d6,1
0b0c0e3054fd3d06d857e845a87ff54f,0
0b0d0c9ba297988f8e4f08722bd05e2c,1
0b111f9a8bec2a04ffebdbd02e3accc3,1
0b12b75faef0acb23d44428d13273cc3,1
0b1782734d993b06195ee6bd67ce4d9c,0
0b18e713b958f20ca330721ae1d30105,0
0b1974354c41afde4a05d0dc01b0236d,1
0b1d08f73922452bd7af3fbc3d42f115,1
0b1f33bcb3c4d4358b7430960ee9e127,0
0b27461ca634d4d0829cda88f946725c,1
0b29685295736f6e176cdc32d582de47,0
0b2de8495a4e9295c476233ec99b6b46,1
0b2ef650a7d2bdf6e3e9f5348b5541a9,0
0b30b6862e9f7ba5a68357710a960b70,0
0b3788a86cbf5a620060d6ae98f3b47f,0
0b3ac75ab9a42d3a320551c2943eae08,1
0b3df3b36e14dcbc4662dd8cd7fa342c,0
0b40c5e2f3f659230621dfd83a602f4f,1
0b4277532f4673b530bab67c8e382aa4,0
0b44b1cd908cf1f589947608448c111a,0
0b4677917087323477672bf9b70c58ae,0
0b469f17734cca213f4d0500ded15e41,0
0b49438c5530f8544395198ac31aedee,0
0b52eb8af92c1f9259759005918de10a,1
0b52f8f145b16725f57131e8a96c6e82,1
0b539bf2259ab1afdac4ba585901c201,0
0b55f16a4c239e8069c07176e1a707d7,0
0b5c1c395a80ff9d6e15b67752a852b7,0
0b6054c9fd0e4795cb5b93abcc533de6,0
0b608bf77e34f08909d0f5311a773a00,1
0b6437ab3f6093b928399206b519312f,0
0b654d5df6eef635523b7dc4e757cfc7,0
0b6cca431f2d84d03f587d8bfe3ea1ea,0
0b6d514a0bfd4f040585f11c474be3c7,1
0b75cf0a34e1341011f3fff7fe07c509,0
0b800d738b20d77e479b928654ce4ed0,1
0b80c7537ba279796ea05128ebbd6241,1
0b81d06f29667b9961cd9ce7b3d1cc77,0
0b835d2271e55936aeda35a20ea0449f,0
0b88160b6410db3c81be9918e11d504a,1
0b904b14e8773eef82ddd3d5fdc12dbd,1
0b9e961fbfb290c1c2872cdc65aefbd6,1
0b9f7c53e8b8e4deca3158be2d19d252,0
0b9f7fa851f7a6cfb0423959832e250c,0
0ba382d72a2a43b75cba953d033865a0,0
0ba8495d8c2443f17fac9ee2001a2a98,1
0baa580b33e2e5252e36ebba5cb9cad9,0
0baaae1fc8484bb49e0fede1a0e843b2,1
0bad1a8abbc61b6d0748ca718a5e6d32,0
0bafbf11bf78e66bafc4a28b91f610f6,1
0bb0e0e59cb131e6271a4be149e99596,1
0bb21dbd167326a0029e45a3d8ba5e2b,0
0bb64ed9cb7062931eee0c777fd71d8e,0
0bb6a4996e8cda310adb530adef6fff9,0
0bbc32cb13bde91a4c81c0246284b790,0
0bc5b9d680d34e134b70611fc18246d5,0
0bc6a326e374e5653cb5c3c8186fe299,0
0bc80fe59e1f6435540b3d8a29db5cd7,1
0bd0491308244a2ac7ad8d72c5b2db47,0
0bd1de2fb7470fd7aebb6b173b7e3ab1,0
0bd41b0256c0c95093219533a29f2e32,0
0bd59d6e35bcbc785241b8b7129c9f02,0
0be46aeae522067c2ccbb408fb431886,1
0bebb60c689ccd8108a8893b3dbf77bb,0
0beee0e0225ceb278c0c04ee21a3e7ac,1
0bf146f04eec8ccdd4465804a468499f,0
0bf18c03e25c493f8156dee926a6639d,0
0bf3eefec3b92b8961927c26b3d8494c,1
0bf58e3c5e0dc45b1f19fbb8ab07a8c4,0
0bf60c0396e9624ffaf766ebc4e44f62,1
0bf6a7a4fa38aa62b104ce9955924f8a,0
0bf76f03a3d0b37debfff24932e51f57,0
0bf8bb9f2b061c5462a6de08943f2560,0
0bf9c07dc45faca494a5baa92194fc7e,0
0bfca6059d79079553eb66b1a18dd944,0
0c006f37f959540e880bf379359b3084,0
0c03df02a5da920f307dcfc532b47d68,0
0c0c29d9447e9bdfbfb4bb73cc736746,0
0c0c7e583fa3cb70aebb185a6e19f016,1
0c0f8a8a708caa74938cc09929a337a4,1
0c152aa126f90f7808cd9f3a123d6bc9,0
0c15ce6400d1a3327395ce4d3aa32467,0
0c1957a475345fb78cb5e0dc99067c3d,0
0c1ce5bb75adf6805f619b20ba573d48,1
0c2ef49833aaefb7a76fd6817a8e1e4f,1
0c33ee481642d0e6eb61d7c4211791a2,0
0c36125aa9694f2a914b620ce6fe997e,1
0c3b6c3e3176674efc025e5ff28c7868,0
0c43b3b35c876ab93e768301bc9b8db5,0
0c44f3f62b2ced09a8c3c4993efa7ee8,0
0c5d8fb776a0daee0b208dca06b42282,1
0c6185295b756fee1f4b71847075d126,0
0c623154f5acbf258391d6f9658286f3,0
0c6272a19d91e7b006457f8c00886df7,0
0c6d0118910e0229c6e41ff2a16ef2e7,0
0c742e19e9eacc21150dc156f6d001bd,1
0c7adaf8f2495d1db7cbab02517fac91,0
0c88c79d49b613af47cf5e15086b7295,0
0c89f5b0c42f35507441a3bcea7e6aa5,1
0c8ae1699a51881a791d93d3d6b8e244,0
0c8e7eee6e9a13e0eb50cdf737e0c8b4,1
0c8f6b39dc0bcc5976585c3d4a769695,0
0c956c1be1afd33bd86202d610a3cbd6,0
0c973e9004bde09f4b25da2c42a56cc1,0
0ca9db03aa291c9e46b645e7c0a7a79f,0
0cb10394e89df13dd397e2c9cc468f99,1
0cb9bcdc2d4a840dfd2a4cad67a758d1,0
0cbb921494e72dd84d590c9288570f99,0
0cbc5fb2a6b70b5d0e435d5217e7654b,0
0cbe5713c46376b6c5193880c8050c86,0
0cc46782416d5b4eb85f7675c679b03a,0
0cc60070c0ee4e41963878717a23f637,0
0cc956e3f4befedd16d3f49ae9a269ed,0
0ccd5c4866db63c81309c3222a389925,1
0cd954cd0992785ee300560080650f4a,0
0ce055a82aa29c0fea31c1870fd485a4,0
0cf7796524682ddc4800ab9b824b0b30,0
0d06e0e1893c542ef2aa9be23a634dbe,0
0d0cb0d01a7c290c7c500c4f76d619c3,1
0d0da7b78449a96ada4506784b92c837,0
0d14187a41d08940bd702b2205d0059e,0
0d18837feb612835badf2c87d389ce66,0
0d190ca0775bc2da1571924906bef64a,1
0d1a54a00ec436c97986dff828d4b2b4,0
0d1cdf731d7e4ad7d156f1e1e72151aa,0
0d1d3d0ca3a630f34ef5d5180ed99631,0
0d205b2f04c3d04e2464095ab782d4a2,1
0d21a96f7a9ed732dcef5673009a5c50,1
0d24eb7a6a36a1c3d4250fb5df071f31,1
0d251e295b0cba0239fa45828295c93b,0
0d2a297ea1210e80bcc67bc06d9da8a0,0
0d2ba131afde85f5860f421b31846f8a,0
0d2d85a362a5d952485c94ec32eb8990,1
0d2d940bcf966cb6de60a7e8c262c6e7,1
0d2fde31b2300df6f4d01eba92a720a0,0
0d36d4a76af112acff27945fed5d239a,1
0d4061580c2f70390ed8eb857ac13164,0
0d449a8d368d0ba74c15cb48ad0a5952,1
0d48ec8960ca3e6d709fbfb6c1ac4e2f,0
0d5267251fd9f6a7fbe2f2600c278a72,0
0d5b1ada8acdb428e8951e885a59b8d4,1
0d5b1fee2862495224b7bdb3f8abc778,0
0d5ba816421311cf113b6725f765557d,1
0d5cc91890c411599e994ab4d927350b,0
0d5d9552bc097b3209fb29544357ccab,0
0d61a6a8dd6cd86d3c152b5d8452bdd2,0
0d651f4983af1acac13a75afe35a37f6,0
0d6bdbd5dfa3b6f31c6a8c040385dc40,1
0d7a62b1c02339c596ddc3e3e547cae1,0
0d7c2cd15829c0e38ba5ed423785f0e1,0
0d7f98ffe87b6f8ba2d551a4f06fb7f0,0
0d841278e037a537038834185906485b,0
0d865431ecabe80ad699b586f23c5dbf,0
0d870fcad2d032f96ed1430c7af3af4d,0
0d8b27aee366f4d3d749368c26d041bf,0
0d9e1f9e50706f072dee65941be7d7dc,1
0da957b0a95e02f0be40bb242210e217,0
0da9e38292d8f7335433944d4860c31c,0
0dac56793e15f4799b3b800577af84c4,0
0dad96e3309e4d510b36030f2c2f0675,1
0db15ea90d79787c1d2b4b144fef229f,0
0db7cfe2e597e4448b885503edca9bf9,1
0dbcb290590aacc09167eb6c423722ee,0
0dbf270f89b922d3dfa394242bc43841,0
0dc1bfa6c79db1d7a2f7ea33de0e4c61,0
0dc35b07d59d551d93c951f68f87e92f,0
0dc71bdde7e0d64a2c37a52be1734444,1
0dd4ed9d6aa48c590e14477391958134,0
0de6518dd14ed43965e8d01833e982d5,1
0dee97db1326bfa711a3b6aebc6b5ea3,0
0df317af597f2abcc2724f18056d9909,1
0df3cec842d8b50fd86583fa0460b3d8,1
0df83163806a79137a75cb6adef4557b,1
0dfc75aea3a868cf579b4072e78f739e,0
0e018a065d26080362c215d74d843dad,0
0e022ab1714a2e1646a17122bc2dd61a,0
0e024796dc5a4ae55ff539b480718bed,1
0e03317e9ae55fbb8d4527ce45a0f0f8,0
0e074ce54255d4dc7e79595067b8731b,0
0e07c992d9a91c2f17d7c1aa429de3d2,0
0e0dcefbc71abf866c26da24b1762920,0
0e154cdc89802c5d039215c14bb974cc,1
0e17d30301c548bdb49b4528c6bc49e1,1
0e187aeb1d486f0bbf1786ea2e69249b,0
0e1efd7f192b215bef9ef804ec04d6be,1
0e21f369a4f47a19a13fa24239e52ad8,0
0e2a50c8114c19553572fea8571c5e82,1
0e2d4dc0bd9aa01092d019dbef77f579,1
0e3293e941ce138d1904661f27d366e5,1
0e39758f919ac54534125ae6fd458b90,0
0e39a2ba5f562d49f941c230ab4ce857,0
0e3f39b6ef5d86d558925f1006a73ff8,0
0e466de63a0945ee48c07ae958c9faa8,0
0e47a4f7dfacb47a5b6a4858d9ed1006,0
0e4998ac9ce8f15d75e5201c465be63a,0
0e4b26e61e2c4192412860cd3c13ff7f,1
0e52c3ddce0ed4c41cb55c1afedc3796,1
0e532be10398ac2e8c3c7e73266cbb6d,0
0e58d0e11af68376da73876adf5399ce,0
0e5b32b8cd8985ea75f1fac4575e0086,0
0e5e190f208496cfdfc31ea9a23c5fda,0
0e619e11860786ba1a131cf2c6630229,0
0e69984aaa04d70febee10e2036121f6,1
0e6c5d1b0b4b953662732ecdaded44ab,1
0e7071fea54698f22de28bf334280050,1
0e71ffba8016c59a4f25225730c7745a,0
0e78c200be587ffb1f7ba5b3351f1e3b,0
0e825f79be7725e8b0772ce8c2fde96e,0
0e837b343c6402ea14ec841f48b204ba,0
0e889f8dc4867605901bb80b9e858e6b,1
0e9079cc7a7cc91a2110955f411836f6,0
0ea71fddeeb48875a49b2250432ff1b1,0
0ead0a8e7b7c4e07eabb2fae62dfda52,1
0eadab4e5e265bc79718298396f31783,0
0eae752cbdadd6b8029328a7bce676fa,0
0eb9f934eb46f05b66f30f40b484844e,0
0ebb6cad9610a2512f236b0dd5f666e6,1
0ec07ff063a3e0a5af1f3bc17f1ffa8b,1
0ec0af38dec3eda70dc3742787cae340,1
0ec71072c5b5e32a93f3c5a08a75036e,1
0ed1ba33eb69c8a2a978bb5f7b96f091,0
0ed3638d8ee3c448ed1acbc13b60567e,1
0ed9974ce6faa86045cab2fe4bf5c602,0
0ede067539cc4e65568186a5e7fc1578,0
0ee265ddc24b8346a64f6ea6f696cca9,0
0ee82dcde11b960bddce9beba2d6e6f4,0
0eeb628f56bbe0e57e9be7cf24db2c38,0
0eec136010b09f6b62df4ce2e22da4ca,0
0eec2043afeec8dfef1eaa51f25f9b50,1
0eed4b5dcd9e68dd4b029a2bc59364c2,0
0ef52213eabbb961ab936a8318bf6fa6,1
0ef63c5d3b023568811480b20ed07f78,1
0ef7df539d222998ce5bb2d5a699a94d,0
0ef85523124ea8fba10b253faa0b6c2c,0
0ef8f7f4dfc2574d751d247c64349841,0
0ef9fd4b3bac85c660ad6131bde5b4dc,0
0efebc2e8c89534522e84989f37c008b,0
0f07521be7a99ba348cf680703f07516,0
0f0eba725fe9ffc2daa39ff5d7994e04,0
0f106005cb353c723469e3bce269f271,0
0f16f203c02bbd7e5a4969a246ce1fe0,0
0f1d7d9102f0ed028cbc94ef63503ba4,0
0f1f48e9fe1f978fd9827b82bf622f02,0
0f209dd69a797b0622acf170acd3fbb1,1
0f223b06b3e6ce1fc373f367df7ed5ee,0
0f2caa5f37c1e96934b127f301e15264,1
0f2f2610d126791d2e4294b0288c453a,0
0f329734e14298939d462534c578ce6f,0
0f38600c38caa45f054b55a62c2c1ecd,1
0f3ec4a010ed1666bc645f173cc8b8fa,1
0f42c3b9abb26702ae6a9abb8ba5787d,1
0f451cfd2e72311db81021a03553e242,0
0f4cbd05876d5d3217d86b1a2cf1e7ef,0
0f4d58c478ccfcd6bc268bd2272be569,0
0f506ceb5691a5a389299444ea2b9f93,0
0f525aaf8c2d16eda05c89d8b8a2bf4c,1
0f538a1266d09bb61ddfcb772b70d2a9,0
0f58c1c933ff0f94d6846e418ca39ed2,0
0f5e878ddfa7ee04457b134a9c17d481,0
0f67b623edd08f7327338fd76489f47f,0
0f691332feeed0596078d6fe52d412ef,1
0f7045dc156e1ad1f4edff5c2f38671f,0
0f74410013cbddb5f890ee8442c19295,0
0f7c89328db86655b4fa765f6007d26e,1
0f81b3469ea901f1adcd62bf2cfa196e,0
0f81f465488d18dffa9165e06b2ae77f,0
0f82300ff1f3ec79b46b42b500961c41,0
0f8476ac92e88fce75f5a2c9e132c4c4,0
0f86b84c33e9edd5f1ca215fda8bdd51,1
0f88329256f19cd996272f6eb2d996cc,1
0f885e85c6168d6026ca4c903a242a87,1
0f8c25824f17aa8f0e4b82091a30daf3,0
